SHARE_CODE,ISSUER_NAME
AADI,ADARO ANDALAN INDONESIA Tbk
AALI,ASTRA AGRO LESTARI Tbk
ABBA,MAHAKA MEDIA Tbk
ABDA,ASURANSI BINA DANA ARTA Tbk
ABMM,ABM INVESTAMA Tbk
ACES,ASPIRASI HIDUP INDONESIA Tbk
ACRO,SAMCRO HYOSUNG ADILESTARI Tbk
ACST,ACSET INDONUSA Tbk
ADCP,ADHI COMMUTER PROPERTI Tbk
ADES,AKASHA WIRA INTERNATIONAL Tbk
ADHI,ADHI KARYA (PERSERO) Tbk
ADMF,ADIRA DINAMIKA MULTI FINANCE Tbk
ADMG,POLYCHEM INDONESIA Tbk
ADMR,ALAMTRI MINERALS INDONESIA Tbk
ADRO,ALAMTRI RESOURCES INDONESIA Tbk
AEGS,ANUGERAH SPAREPARTS SEJAHTERA Tbk
AGAR,ASIA SEJAHTERA MINA Tbk
AGII,SAMATOR INDO GAS Tbk
AGRO,BANK RAYA INDONESIA Tbk
AGRS,BANK IBK INDONESIA Tbk
AHAP,ASURANSI HARTA AMAN PRATAMA Tbk
AIMS,ARTHA MAHIYA INVESTAMA Tbk
AISA,FKS FOOD SEJAHTERA Tbk
AKKU,ANUGERAH KAGUM KARYA UTAMA Tbk
AKPI,ARGHA KARYA PRIMA INDUSTRY Tbk
AKRA,AKR CORPORINDO Tbk
AKSI,MINERAL SUMBERDAYA MANDIRI Tbk
ALDO,ALKINDO NARATAMA Tbk
ALII,ANCARA LOGISTICS INDONESIA Tbk
ALKA,ALAKASA INDUSTRINDO Tbk
ALMI,ALUMINDO LIGHT METAL INDUSTRY Tbk
ALTO,TRI BANYAN TIRTA Tbk
AMAG,ASURANSI MULTI ARTHA GUNA Tbk
AMAN,MAKMUR BERKAH AMANDA Tbk
AMAR,BANK AMAR INDONESIA Tbk
AMFG,ASAHIMAS FLAT GLASS Tbk
AMIN,ATELIERS MECANIQUES D`INDONESIE Tbk
AMMN,AMMAN MINERAL INTERNASIONAL Tbk
AMMS,AGUNG MENJANGAN MAS Tbk
AMOR,ASHMORE ASSET MANAGEMENT INDONESIA Tbk
AMRT,SUMBER ALFARIA TRIJAYA Tbk
ANDI,ANDIRA AGRO Tbk
ANJT,AUSTINDO NUSANTARA JAYA Tbk
ANTM,ANEKA TAMBANG Tbk
APEX,APEXINDO PRATAMA DUTA Tbk
APIC,PACIFIC STRATEGIC FINANCIAL Tbk
APII,ARITA PRIMA INDONESIA Tbk
APLI,ASIAPLAST INDUSTRIES Tbk
APLN,AGUNG PODOMORO LAND Tbk
ARCI,ARCHI INDONESIA Tbk
AREA,DUNIA VIRTUAL ONLINE Tbk
ARGO,ARGO PANTES Tbk
ARII,ATLAS RESOURCES Tbk
ARKA,ARKHA JAYANTI PERSADA Tbk
ARKO,ARKORA HYDRO Tbk
ARMY,ARMIDIAN KARYATAMA Tbk
ARNA,ARWANA CITRAMULIA Tbk
ARTA,ARTHAVEST Tbk
ARTI,RATU PRABU ENERGI Tbk
ARTO,BANK JAGO Tbk
ASBI,ASURANSI BINTANG Tbk
ASDM,ASURANSI DAYIN MITRA Tbk
ASGR,ASTRA GRAPHIA Tbk
ASHA,CILACAP SAMUDERA FISHING INDUSTRY Tbk
ASII,ASTRA INTERNATIONAL Tbk
ASJT,ASURANSI JASA TANIA Tbk
ASLC,AUTOPEDIA SUKSES LESTARI Tbk
ASLI,ASRI KARYA LESTARI Tbk
ASMI,ASURANSI MAXIMUS GRAHA PERSADA Tbk
ASPI,ANDALAN SAKTI PRIMAINDO Tbk
ASPR,ASIA PRAMULIA Tbk
ASRI,ALAM SUTERA REALTY Tbk
ASRM,ASURANSI RAMAYANA Tbk
ASSA,ADI SARANA ARMADA Tbk
ATAP,TRIMITRA PRAWARA GOLDLAND Tbk
ATIC,ANABATIC TECHNOLOGIES Tbk
ATLA,ATLANTIS SUBSEA INDONESIA Tbk
AUTO,ASTRA OTOPARTS Tbk
AVIA,AVIA AVIAN Tbk
AWAN,ERA DIGITAL MEDIA Tbk
AXIO,TERA DATA INDONUSA Tbk
AYAM,JANU PUTRA SEJAHTERA Tbk
AYLS,AGRO YASA LESTARI Tbk
BABP,BANK MNC INTERNASIONAL Tbk
BABY,MULTITREND INDO Tbk
BACA,BANK CAPITAL INDONESIA Tbk
BAIK,BERSAMA MENCAPAI PUNCAK Tbk
BAJA,SARANACENTRAL BAJATAMA Tbk
BALI,BALI TOWERINDO SENTRA Tbk
BANK,BANK ALADIN SYARIAH Tbk
BAPA,BEKASI ASRI PEMULA Tbk
BAPI,BHAKTI AGUNG PROPERTINDO Tbk
BATA,SEPATU BATA Tbk
BATR,BENTENG API TECHNIC Tbk
BAUT,MITRA ANGKASA SEJAHTERA Tbk
BAYU,BAYU BUANA Tbk
BBCA,BANK CENTRAL ASIA Tbk
BBHI,ALLO BANK INDONESIA Tbk
BBKP,BANK KB INDONESIA Tbk
BBLD,BUANA FINANCE Tbk
BBMD,BANK MESTIKA DHARMA Tbk
BBNI,BANK NEGARA INDONESIA Tbk
BBRI,BANK RAKYAT INDONESIA (PERSERO) Tbk
BBRM,PELAYARAN NASIONAL BINA BUANA RAYA Tbk
BBSI,KROM BANK INDONESIA Tbk
BBSS,BUMI BENOWO SUKSES SEJAHTERA Tbk
BBTN,BANK TABUNGAN NEGARA (PERSERO) Tbk
BBYB,BANK NEO COMMERCE Tbk
BCAP,MNC KAPITAL INDONESIA Tbk
BCIC,BANK JTRUST INDONESIA Tbk
BCIP,BUMI CITRA PERMAI Tbk
BDKR,BERDIKARI PONDASI PERKASA Tbk
BDMN,BANK DANAMON INDONESIA Tbk
BEBS,BERKAH BETON SADAYA Tbk
BEEF,ESTIKA TATA TIARA Tbk
BEER,JOBUBU JARUM MINAHASA Tbk
BEKS,BANK PEMBANGUNAN DAERAH BANTEN Tbk
BELI,GLOBAL DIGITAL NIAGA Tbk
BELL,TRISULA TEXTILE INDUSTRIES Tbk
BESS,BATULICIN NUSANTARA MARITIM Tbk
BEST,BEKASI FAJAR INDUSTRIAL ESTATE Tbk
BFIN,BFI FINANCE INDONESIA Tbk
BGTG,BANK GANESHA Tbk
BHAT,BHAKTI MULTI ARTHA Tbk
BHIT,MNC ASIA HOLDING Tbk
BIKA,BINAKARYA JAYA ABADI Tbk
BIKE,SEPEDA BERSAMA INDONESIA Tbk
BIMA,PRIMARINDO ASIA INFRASTRUCTURE Tbk
BINA,BANK INA PERDANA Tbk
BINO,PERMA PLASINDO Tbk
BIPI,ASTRINDO NUSANTARA INFRASTRUKTUR Tbk
BIPP,BHUWANATALA INDAH PERMAI Tbk
BIRD,BLUE BIRD Tbk
BISI,BISI INTERNATIONAL Tbk
BJBR,BANK JABAR BANTEN Tbk
BJTM,BANK PEMBANGUNAN DAERAH JAWA TIMUR Tbk
BKDP,BUKIT DARMO PROPERTY Tbk
BKSL,SENTUL CITY Tbk
BKSW,BANK QNB INDONESIA Tbk
BLES,SUPERIOR PRIMA SUKSES Tbk
BLOG,TRIMITRA TRANS PERSADA Tbk
BLTA,BERLIAN LAJU TANKER Tbk
BLTZ,GRAHA LAYAR PRIMA Tbk
BLUE,BERKAH PRIMA PERKASA Tbk
BMAS,BANK MASPION INDONESIA Tbk
BMBL,LAVENDER BINA CENDIKIA Tbk
BMHS,BUNDAMEDIK Tbk
BMRI,BANK MANDIRI ( PERSERO ) Tbk
BMSR,BINTANG MITRA SEMESTARAYA Tbk
BMTR,GLOBAL MEDIACOM Tbk
BNBA,BANK BUMI ARTA Tbk
BNBR,BAKRIE AND BROTHERS Tbk
BNGA,BANK CIMB NIAGA Tbk
BNII,BANK MAYBANK INDONESIA Tbk
BNLI,BANK PERMATA Tbk
BOAT,NEWPORT MARINE SERVICES Tbk
BOBA,FORMOSA INGREDIENT FACTORY Tbk
BOGA,APOLLO GLOBAL INTERACTIVE Tbk
BOLA,BALI BINTANG SEJAHTERA Tbk
BOLT,GARUDA METALINDO Tbk
BOSS,BORNEO OLAH SARANA SUKSES Tbk
BPFI,WOORI FINANCE INDONESIA Tbk
BPII,BATAVIA PROSPERINDO INTERNASIONAL Tbk
BPTR,BATAVIA PROSPERINDO TRANS Tbk
BRAM,INDO KORDSA Tbk
BREN,BARITO RENEWABLES ENERGY Tbk
BRIS,BANK SYARIAH INDONESIA Tbk
BRMS,BUMI RESOURCES MINERALS Tbk
BRNA,BERLINA Tbk
BRPT,BARITO PACIFIC Tbk
BRRC,RAJA ROTI CEMERLANG Tbk
BSBK,WULANDARI BANGUN LAKSANA Tbk
BSDE,BUMI SERPONG DAMAI Tbk
BSIM,BANK SINAR MAS Tbk
BSML,BINTANG SAMUDERA MANDIRI LINES Tbk
BSSR,BARAMULTI SUKSESSARANA Tbk
BSWD,BANK OF INDIA INDONESIA Tbk
BTEK,BUMI TEKNOKULTURA UNGGUL Tbk
BTEL,BAKRIE TELECOM Tbk
BTON,BETONJAYA MANUNGGAL Tbk
BTPN,BANK SMBC INDONESIA Tbk
BTPS,BANK BTPN SYARIAH Tbk
BUAH,SEGAR KUMALA INDONESIA Tbk
BUDI,BUDI STARCH & SWEETENER Tbk
BUKA,BUKALAPAK.COM Tbk
BUKK,BUKAKA TEKNIK UTAMA Tbk
BULL,BUANA LINTAS LAUTAN Tbk
BUMI,BUMI RESOURCES Tbk
BUVA,BUKIT ULUWATU VILLA Tbk
BVIC,BANK VICTORIA INTERNATIONAL Tbk
BWPT,"EAGLE HIGH PLANTATIONS, Tbk"
BYAN,BAYAN RESOURCES Tbk
CAKK,CAHAYAPUTRA ASA KERAMIK Tbk
CAMP,CAMPINA ICE CREAM INDUSTRY Tbk
CANI,CAPITOL NUSANTARA INDONESIA Tbk
CARE,METRO HEALTHCARE INDONESIA Tbk
CARS,INDUSTRI DAN PERDAGANGAN BINTRACO DHARMA Tbk
CASA,CAPITAL FINANCIAL INDONESIA Tbk
CASH,CASHLEZ WORLDWIDE INDONESIA Tbk
CASS,CAHAYA AERO SERVICES Tbk
CBDK,BANGUN KOSAMBI SUKSES Tbk
CBMF,CAHAYA BINTANG MEDAN Tbk
CBPE,CITRA BUANA PRASIDA Tbk
CBRE,CAKRA BUANA RESOURCES ENERGI Tbk
CBUT,CITRA BORNEO UTAMA Tbk
CCSI,COMMUNICATION CABLE SYSTEMS INDONESIA Tbk
CDIA,CHANDRA DAYA INVESTASI Tbk
CEKA,WILMAR CAHAYA INDONESIA Tbk
CENT,CENTRATAMA TELEKOMUNIKASI INDONESIA Tbk
CFIN,CLIPAN FINANCE INDONESIA Tbk
CGAS,CITRA NUSANTARA GEMILANG Tbk
CHEK,DIASTIKA BIOTEKINDO Tbk
CHEM,CHEMSTAR INDONESIA Tbk
CHIP,PELITA TEKNOLOGI GLOBAL Tbk
CINT,CHITOSE INTERNASIONAL Tbk
CITA,CITA MINERAL INVESTINDO Tbk
CITY,NATURA CITY DEVELOPMENTS Tbk
CLAY,CITRA PUTRA REALTY Tbk
CLEO,SARIGUNA PRIMATIRTA Tbk
CLPI,COLORPAK INDONESIA Tbk
CMNP,CITRA MARGA NUSAPHALA PERSADA Tbk
CMNT,CEMINDO GEMILANG Tbk
CMPP,AIRASIA INDONESIA Tbk
CMRY,CISARUA MOUNTAIN DAIRY Tbk
CNKO,EXPLOITASI ENERGI INDONESIA Tbk
CNMA,NUSANTARA SEJAHTERA RAYA Tbk
CNTX,CENTEX Tbk SERI A PREFEREN
COAL,BLACK DIAMOND RESOURCES Tbk
COCO,WAHANA INTERFOOD NUSANTARA Tbk
COIN,INDOKRIPTO KOIN SEMESTA Tbk
COWL,COWELL DEVELOPMENT Tbk
CPIN,CHAROEN POKPHAND INDONESIA Tbk
CPRI,CAPRI NUSA SATU PROPERTI Tbk
CPRO,CENTRAL PROTEINAPRIMA Tbk
CRAB,TOBA SURIMI INDUSTRIES Tbk
CRSN,CARSURIN Tbk
CSAP,CATUR SENTOSA ADIPRANA Tbk
CSIS,CAHAYASAKTI INVESTINDO SUKSES Tbk
CSMI,CIPTA SELERA MURNI Tbk
CSRA,CISADANE SAWIT RAYA Tbk
CTBN,CITRA TUBINDO Tbk
CTRA,CIPUTRA DEVELOPMENT Tbk
CTTH,CITATAH Tbk
CUAN,PETRINDO JAYA KREASI Tbk
CYBR,ITSEC ASIA Tbk
DAAZ,DAAZ BARA LESTARI Tbk
DADA,DIAMOND CITRA PROPERTINDO Tbk
DART,DUTA ANGGADA REALTY Tbk
DATA,REMALA ABADI Tbk
DAYA,DUTA INTIDAYA Tbk
DCII,DCI INDONESIA Tbk
DEAL,DEWATA FREIGHTINTERNATIONAL Tbk
DEFI,DANASUPRA ERAPACIFIC Tbk
DEPO,CATURKARDA DEPO BANGUNAN Tbk
DEWA,DARMA HENWA Tbk
DEWI,DEWI SHRI FARMINDO Tbk
DFAM,DAFAM PROPERTY INDONESIA Tbk
DGIK,NUSA KONSTRUKSI ENJINIRING Tbk
DGNS,DIAGNOS LABORATORIUM UTAMA Tbk
DGWG,DELTA GIRI WACANA Tbk
DIGI,ARKADIA DIGITAL MEDIA Tbk
DILD,INTILAND DEVELOPMENT Tbk
DIVA,DISTRIBUSI VOUCHER NUSANTARA Tbk
DKFT,CENTRAL OMEGA RESOURCES Tbk
DKHH,CIPTA SARANA MEDIKA Tbk
DLTA,DELTA DJAKARTA Tbk
DMAS,PURADELTA LESTARI Tbk
DMMX,DIGITAL MEDIATAMA MAXIMA Tbk
DMND,DIAMOND FOOD INDONESIA Tbk
DNAR,BANK OKE INDONESIA Tbk
DNET,INDORITEL MAKMUR INTERNASIONAL Tbk
DOID,BUMA INTERNASIONAL GRUP Tbk
DOOH,ERA MEDIA SEJAHTERA Tbk
DOSS,GLOBAL SUKSES DIGITAL Tbk
DPNS,DUTA PERTIWI NUSANTARA
DPUM,DUA PUTRA UTAMA MAKMUR Tbk
DRMA,DHARMA POLIMETAL Tbk
DSFI,DHARMA SAMUDERA FISHING INDUSTRIES Tbk
DSNG,DHARMA SATYA NUSANTARA Tbk
DSSA,DIAN SWASTATIKA SENTOSA Tbk
DUCK,JAYA BERSAMA INDO Tbk
DUTI,DUTA PERTIWI Tbk
DVLA,DARYA - VARIA LABORATORIA Tbk
DWGL,DWI GUNA LAKSANA Tbk
DYAN,DYANDRA MEDIA INTERNATIONAL Tbk
EAST,EASTPARC HOTEL Tbk
ECII,ELECTRONIC CITY INDONESIA Tbk
EDGE,INDOINTERNET Tbk
EKAD,EKADHARMA INTERNATIONAL Tbk
ELIT,DATA SINERGITAMA JAYA Tbk
ELPI,PELAYARAN NASIONAL EKALYA PURNAMASARI Tbk
ELSA,ELNUSA Tbk
ELTY,BAKRIELAND DEVELOPMENT Tbk
EMAS,MERDEKA GOLD RESOURCES Tbk
EMDE,MEGAPOLITAN DEVELOPMENTS Tbk
EMTK,ELANG MAHKOTA TEKNOLOGI Tbk
ENAK,CHAMP RESTO INDONESIA Tbk
ENRG,ENERGI MEGA PERSADA Tbk
ENVY,ENVY TECHNOLOGIES INDONESIA Tbk
ENZO,MORENZO ABADI PERKASA Tbk
EPAC,MEGALESTARI EPACK SENTOSARAYA Tbk
EPMT,ENSEVAL PUTERA MEGATRADING Tbk
ERAA,ERAJAYA SWASEMBADA Tbk
ERAL,SINAR EKA SELARAS Tbk
ERTX,ERATEX DJAJA Tbk
ESIP,SINERGI INTI PLASTINDO Tbk
ESSA,ESSA INDUSTRIES INDONESIA Tbk
ESTA,ESTA MULTI USAHA Tbk
ESTI,EVER SHINE TEXTILE INDUSTRY
ETWA,ETERINDO WAHANATAMA Tbk
EURO,ESTEE GOLD FEET Tbk
EXCL,XLSMART TELECOM SEJAHTERA Tbk
FAPA,FAP AGRI Tbk
FAST,FAST FOOD INDONESIA Tbk
FASW,FAJAR SURYA WISESA Tbk
FILM,MD ENTERTAINMENT Tbk
FIMP,FIMPERKASA UTAMA Tbk
FIRE,ALFA ENERGI INVESTAMA Tbk
FISH,FKS MULTI AGRO Tbk
FITT,HOTEL FITRA INTERNATIONAL Tbk
FLMC,FALMACO NONWOVEN INDUSTRI Tbk
FMII,FORTUNE MATE INDONESIA Tbk
FOLK,MULTI GARAM UTAMA Tbk
FOOD,SENTRA FOOD INDONESIA Tbk
FORE,FORE KOPI INDONESIA Tbk
FORU,FORTUNE INDONESIA Tbk
FPNI,LOTTE CHEMICAL TITAN Tbk
FUJI,FUJI FINANCE INDONESIA Tbk
FUTR,FUTURA ENERGI GLOBAL Tbk
FWCT,WIJAYA CAHAYA TIMBER Tbk
GAMA,AKSARA GLOBAL DEVELOPMENT Tbk
GDST,GUNAWAN DIANJAYA STEEL Tbk
GDYR,GOODYEAR INDONESIA Tbk
GEMA,GEMA GRAHASARANA Tbk
GEMS,GOLDEN ENERGY MINES Tbk
GGRM,GUDANG GARAM Tbk
GGRP,GUNUNG RAJA PAKSI Tbk
GHON,GIHON TELEKOMUNIKASI INDONESIA Tbk
GIAA,GARUDA INDONESIA (PERSERO) Tbk
GJTL,GAJAH TUNGGAL Tbk
GLOB,GLOBE KITA TERANG Tbk
GLVA,GALVA TECHNOLOGIES Tbk
GMFI,GARUDA MAINTENANCE FACILITY AERO ASIA Tbk
GMTD,GOWA MAKASSAR TOURISM DEVELOPMENT Tbk
GOLD,"VISI TELEKOMUNIKASI INFRASTRUKTUR Tbk, PT"
GOLF,INTRA GOLFLINK RESORTS Tbk
GOLL,GOLDEN PLANTATION Tbk
GOOD,GARUDAFOOD PUTRA PUTRI JAYA Tbk
GOTO,MVS GOTO GOJEK TOKOPEDIA Tbk
GOTO,GOTO GOJEK TOKOPEDIA Tbk
GPRA,PERDANA GAPURAPRIMA Tbk
GPSO,GEOPRIMA SOLUSI Tbk
GRIA,INGRIA PRATAMA CAPITALINDO Tbk
GRPH,GRIPTHA PUTRA PERSADA Tbk
GRPM,GRAHA PRIMA MENTARI Tbk
GSMF,EQUITY DEVELOPMENT INVESTMENT Tbk
GTBO,GARDA TUJUH BUANA Tbk
GTRA,GRAHAPRIMA SUKSESMANDIRI Tbk
GTSI,GTS INTERNASIONAL Tbk
GULA,AMAN AGRINDO Tbk
GUNA,GUNANUSA ERAMANDIRI Tbk
GWSA,GREENWOOD SEJAHTERA Tbk
GZCO,GOZCO PLANTATIONS Tbk
HADE,HIMALAYA ENERGI PERKASA Tbk
HAIS,HASNUR INTERNASIONAL SHIPPING Tbk
HAJJ,ARSY BUANA TRAVELINDO Tbk
HALO,HALONI JANE Tbk
HATM,HABCO TRANS MARITIMA Tbk
HBAT,MINAHASA MEMBANGUN HEBAT Tbk
HDFA,RADANA BHASKARA FINANCE Tbk
HDIT,HENSEL DAVEST INDONESIA Tbk
HEAL,MEDIKALOKA HERMINA Tbk
HELI,JAYA TRISHINDO Tbk
HERO,DFI RETAIL NUSANTARA Tbk
HEXA,HEXINDO ADIPERKASA Tbk
HGII,HERO GLOBAL INVESTMENT Tbk
HILL,HILLCON Tbk
HITS,HUMPUSS INTERMODA TRANSPORTASI Tbk
HKMU,HK METALS UTAMA Tbk
HMSP,HANJAYA MANDALA SAMPOERNA Tbk
HOKI,BUYUNG POETRA SEMBADA Tbk
HOME,HOTEL MANDARINE REGENCY Tbk
HOMI,GRAND HOUSE MULIA Tbk
HOPE,HARAPAN DUTA PERTIWI Tbk
HOTL,SARASWATI GRIYA LESTARI Tbk
HRME,MENTENG HERITAGE REALTY Tbk
HRTA,HARTADINATA ABADI Tbk
HRUM,HARUM ENERGY Tbk
HUMI,HUMPUSS MARITIM INTERNASIONAL Tbk
HYGN,ECOCARE INDO PASIFIK Tbk
IATA,MNC ENERGY INVESTMENTS Tbk
IBFN,INTAN BARU PRANA Tbk
IBOS,INDO BOGA SUKSES Tbk
IBST,INTI BANGUN SEJAHTERA Tbk
ICBP,INDOFOOD CBP SUKSES MAKMUR Tbk
ICON,ISLAND CONCEPTS INDONESIA Tbk
IDEA,IDEA INDONESIA AKADEMI Tbk
IDPR,INDONESIA PONDASI RAYA Tbk
IFII,INDONESIA FIBREBOARD INDUSTRY Tbk
IFSH,IFISHDECO Tbk
IGAR,CHAMPION PACIFIC INDONESIA Tbk
IIKP,INTI AGRI RESOURCES Tbk
IKAI,INTIKERAMIK ALAMASRI INDUSTRI Tbk
IKAN,ERA MANDIRI CEMERLANG Tbk
IKBI,SUMI INDO KABEL Tbk
IKPM,IKAPHARMINDO PUTRAMAS Tbk
IMAS,INDOMOBIL SUKSES INTERNASIONAL Tbk
IMJS,INDOMOBIL MULTI JASA Tbk
IMPC,IMPACK PRATAMA INDUSTRI Tbk
INAF,INDOFARMA Tbk
INAI,INDAL ALUMINIUM INDUSTRY Tbk
INCF,INDO KOMODITI KORPORA Tbk
INCI,INTANWIJAYA INTERNASIONAL Tbk
INCO,VALE INDONESIA Tbk
INDF,INDOFOOD SUKSES MAKMUR Tbk
INDO,ROYALINDO INVESTA WIJAYA Tbk
INDR,INDO-RAMA SYNTHETICS Tbk
INDS,INDOSPRING Tbk
INDX,TANAH LAUT Tbk
INDY,INDIKA ENERGY Tbk
INET,SINERGI INTI ANDALAN PRIMA Tbk
INKP,INDAH KIAT PULP AND PAPER Tbk
INOV,INOCYCLE TECHNOLOGY GROUP Tbk
INPC,BANK ARTHA GRAHA INTERNASIONAL Tbk
INPP,INDONESIAN PARADISE PROPERTY Tbk
INPS,INDAH PRAKASA SENTOSA Tbk
INRU,TOBA PULP LESTARI Tbk
INTA,INTRACO PENTA Tbk
INTD,INTER DELTA Tbk
INTP,INDOCEMENT TUNGGAL PRAKARSA Tbk
IOTF,SUMBER SINERGI MAKMUR Tbk
IPAC,ERA GRAHAREALTY Tbk
IPCC,INDONESIA KENDARAAN TERMINAL Tbk
IPCM,JASA ARMADA INDONESIA Tbk
IPOL,INDOPOLY SWAKARSA INDUSTRY Tbk
IPPE,INDO PURECO PRATAMA Tbk
IPTV,MNC VISION NETWORKS Tbk
IRRA,ITAMA RANORAYA Tbk
IRSX,FOLAGO GLOBAL NUSANTARA Tbk
ISAP,ISRA PRESISI INDONESIA Tbk
ISAT,INDOSAT Tbk
ISEA,INDO AMERICAN SEAFOODS Tbk
ISSP,STEEL PIPE INDUSTRY OF INDONESIA Tbk
ITIC,INDONESIAN TOBACCO Tbk
ITMA,SUMBER ENERGI ANDALAN Tbk
ITMG,INDO TAMBANGRAYA MEGAH Tbk
JARR,JHONLIN AGRO RAYA Tbk
JAST,JASNITA TELEKOMINDO Tbk
JATI,INFORMASI TEKNOLOGI INDONESIA Tbk
JAWA,JAYA AGRA WATTIE Tbk
JAYA,ARMADA BERJAYA TRANS Tbk
JECC,JEMBO CABLE COMPANY Tbk
JGLE,GRAHA ANDRASENTRA PROPERTINDO Tbk
JIHD,JAKARTA INTERNATIONAL HOTELS & DEVELOPMENT Tbk
JKON,JAYA KONSTRUKSI MANGGALA PRATAMA Tbk
JMAS,ASURANSI JIWA SYARIAH JASA MITRA ABADI Tbk
JPFA,JAPFA COMFEED INDONESIA Tbk
JRPT,JAYA REAL PROPERTY Tbk
JSKY,SKY ENERGY INDONESIA Tbk
JSMR,JASA MARGA (PERSERO) Tbk
JSPT,JAKARTA SETIABUDI INTERNASIONAL Tbk
JTPE,JASUINDO TIGA PERKASA Tbk
KAEF,KIMIA FARMA Tbk
KAQI,JANTRA GRUPO INDONESIA Tbk
KARW,MERATUS JASA PRIMA Tbk
KAYU,DARMI BERSAUDARA Tbk
KBAG,KARYA BERSAMA ANUGERAH Tbk
KBLI,KMI Wire and Cable Tbk
KBLM,KABELINDO MURNI Tbk
KBLV,FIRST MEDIA Tbk
KBRI,KERTAS BASUKI RACHMAT INDONESIA Tbk
KDSI,KEDAWUNG SETIA INDUSTRIAL Tbk
KDTN,PURI SENTUL PERMAI Tbk
KEEN,KENCANA ENERGI LESTARI Tbk
KEJU,MULIA BOGA RAYA Tbk
KETR,KETROSDEN TRIASMITRA Tbk
KIAS,KERAMIKA INDONESIA ASSOSIASI Tbk
KICI,KEDAUNG INDAH CAN Tbk
KIJA,KAWASAN INDUSTRI JABABEKA Tbk
KING,HOFFMEN CLEANINDO Tbk
KINO,KINO INDONESIA Tbk
KIOS,KIOSON KOMERSIAL INDONESIA Tbk
KJEN,KRIDA JARINGAN NUSANTARA Tbk
KKES,KUSUMA KEMINDO SENTOSA Tbk
KKGI,RESOURCE ALAM INDONESIA Tbk
KLAS,PELAYARAN KURNIA LAUTAN SEMESTA Tbk
KLBF,KALBE FARMA Tbk
KLIN,KLINKO KARYA IMAJI Tbk
KMDS,KURNIAMITRA DUTA SENTOSA Tbk
KMTR,KIRANA MEGATARA Tbk
KOBX,KOBEXINDO TRACTORS Tbk
KOCI,KOKOH EXA NUSANTARA Tbk
KOIN,KOKOH INTI AREBAMA Tbk
KOKA,KOKA INDONESIA Tbk
KONI,PERDANA BANGUN PUSAKA Tbk
KOPI,MITRA ENERGI PERSADA Tbk
KOTA,DMS PROPERTINDO Tbk
KPIG,MNC LAND Tbk
KRAS,KRAKATAU STEEL Tbk
KREN,QUANTUM CLOVERA INVESTAMA Tbk
KRYA,BANGUN KARYA PERKASA JAYA Tbk
KSIX,KENTANIX SUPRA INTERNATIONAL Tbk
KUAS,ACE OLDFIELDS Tbk
LABA,GREEN POWER GROUP Tbk
LABS,UBC MEDICAL INDONESIA Tbk
LAJU,JASA BERDIKARI LOGISTICS Tbk
LAND,TRIMITRA PROPERTINDO Tbk
LAPD,LEYAND INTERNATIONAL Tbk
LCGP,EUREKA PRIMA JAKARTA Tbk
LCKM,LCK GLOBAL KEDATON Tbk
LEAD,LOGINDO SAMUDRAMAKMUR Tbk
LFLO,IMAGO MULIA PERSADA Tbk
LIFE,MSIG LIFE INSURANCE INDONESIA Tbk
LINK,LINK NET Tbk
LION,LION METAL WORKS Tbk
LIVE,HOMECO VICTORIA MAKMUR Tbk
LMAS,LIMAS INDONESIA MAKMUR Tbk
LMAX,LUPROMAX PELUMAS INDONESIA Tbk
LMPI,LANGGENG MAKMUR INDUSTRI Tbk
LMSH,LIONMESH PRIMA Tbk
LOPI,LOGISTICSPLUS INTERNATIONAL Tbk
LPCK,LIPPO CIKARANG Tbk
LPGI,LIPPO GENERAL INSURANCE Tbk
LPIN,MULTI PRIMA SEJAHTERA Tbk
LPKR,LIPPO KARAWACI Tbk
LPLI,STAR PACIFIC Tbk
LPPF,MATAHARI DEPARTMENT STORE Tbk
LPPS,LENOX PASIFIK INVESTAMA Tbk
LRNA,EKA SARI LORENA TRANSPORT Tbk
LSIP,PP LONDON SUMATRA INDONESIA Tbk
LTLS,LAUTAN LUAS Tbk
LUCK,SENTRAL MITRA INFORMATIKA Tbk
LUCY,LIMA DUA LIMA TIGA Tbk
MABA,MARGA ABHINAYA ABADI Tbk
MAGP,MULTI AGRO GEMILANG PLANTATION Tbk
MAHA,MANDIRI HERINDO ADIPERKASA Tbk
MAIN,MALINDO FEEDMILL Tbk
MANG,MANGGUNG POLAHRAYA Tbk
MAPA,MAP AKTIF ADIPERKASA Tbk
MAPB,MAP BOGA ADIPERKASA Tbk
MAPI,MITRA ADIPERKASA Tbk
MARI,MAHAKA RADIO INTEGRA Tbk
MARK,MARK DYNAMICS INDONESIA Tbk
MASB,BANK MULTIARTA SENTOSA Tbk
MAXI,MAXINDO KARYA ANUGERAH Tbk
MAYA,BANK MAYAPADA INTERNASIONAL Tbk
MBAP,MITRABARA ADIPERDANA Tbk
MBMA,MERDEKA BATTERY MATERIALS Tbk
MBSS,MITRABAHTERA SEGARA SEJATI Tbk
MBTO,MARTINA BERTO Tbk
MCAS,M CASH INTEGRASI Tbk
MCOL,PRIMA ANDALAN MANDIRI Tbk
MCOR,BANK CHINA CONSTRUCTION BANK INDONESIA Tbk
MDIA,INTERMEDIA CAPITAL Tbk
MDIY,DAYA INTIGUNA YASA Tbk
MDKA,MERDEKA COPPER GOLD Tbk
MDKI,EMDEKI UTAMA Tbk
MDLA,MEDELA POTENTIA Tbk
MDLN,MODERNLAND REALTY Tbk
MDRN,MODERN INTERNASIONAL Tbk
MEDC,MEDCO ENERGI INTERNASIONAL Tbk
MEDS,HETZER MEDICAL INDONESIA Tbk
MEGA,BANK MEGA Tbk
MEJA,HARTA DJAYA KARYA Tbk
MENN,MENN TEKNOLOGI INDONESIA Tbk
MERI,MERRY RIANA EDUKASI Tbk
MERK,MERCK Tbk
META,NUSANTARA INFRASTRUCTURE Tbk
MFMI,MULTIFILING MITRA INDONESIA Tbk
MGLV,PANCA ANUGRAH WISESA Tbk
MGNA,MAGNA INVESTAMA MANDIRI Tbk
MGRO,MAHKOTA GROUP Tbk
MHKI,MULTI HANNA KREASINDO Tbk
MICE,MULTI INDOCITRA Tbk
MIDI,MIDI UTAMA INDONESIA Tbk
MIKA,MITRA KELUARGA KARYASEHAT Tbk
MINA,SANURHASTA MITRA Tbk
MINE,SINAR TERANG MANDIRI Tbk
MIRA,MITRA INTERNATIONAL RESOURCES Tbk
MITI,MITRA INVESTINDO Tbk
MKAP,MULTIKARYA ASIA PASIFIK RAYA Tbk
MKNT,MITRA KOMUNIKASI NUSANTARA Tbk
MKPI,METROPOLITAN KENTJANA Tbk
MKTR,MENTHOBI KARYATAMA RAYA Tbk
MLBI,MULTI BINTANG INDONESIA Tbk
MLIA,MULIA INDUSTRINDO Tbk
MLPL,MULTIPOLAR Tbk
MLPT,MULTIPOLAR TECHNOLOGY Tbk
MMIX,MULTI MEDIKA INTERNASIONAL Tbk
MMLP,MEGA MANUNGGAL PROPERTY Tbk
MNCN,MEDIA NUSANTARA CITRA Tbk
MOLI,MADUSARI MURNI INDAH Tbk
MORA,MORA TELEMATIKA INDONESIA Tbk
MPIX,MITRA PEDAGANG INDONESIA Tbk
MPMX,MITRA PINASTHIKA MUSTIKA Tbk
MPOW,MEGAPOWER MAKMUR Tbk
MPPA,MATAHARI PUTRA PRIMA Tbk
MPRO,MAHA PROPERTI INDONESIA Tbk
MPXL,MPX LOGISTICS INTERNATIONAL Tbk
MRAT,MUSTIKA RATU Tbk
MREI,MASKAPAI REASURANSI INDONESIA Tbk
MSIE,MULTISARANA INTAN EDUKA Tbk
MSIN,MNC DIGITAL ENTERTAINMENT Tbk
MSJA,MULTI SPUNINDO JAYA Tbk
MSTI,MASTERSYSTEM INFOTAMA Tbk
MTDL,METRODATA ELECTRONICS Tbk
MTEL,DAYAMITRA TELEKOMUNIKASI Tbk
MTFN,CAPITALINC INVESTMENT Tbk
MTLA,METROPOLITAN LAND Tbk
MTMH,MURNI SADAR Tbk
MTPS,META EPSI Tbk
MTRA,MITRA PEMUDA Tbk
MTSM,"METRO REALTY Tbk, PT"
MTWI,MALACCA TRUST WUWUNGAN INSURANCE Tbk
MUTU,MUTUAGUNG LESTARI Tbk
MYOH,SAMINDO RESOURCES Tbk
MYOR,MAYORA INDAH Tbk
MYTX,ASIA PACIFIC INVESTAMA Tbk
NAIK,ADIWARNA ANUGERAH ABADI Tbk
NANO,NANOTECH INDONESIA GLOBAL Tbk
NASA,ANDALAN PERKASA ABADI Tbk
NASI,WAHANA INTI MAKMUR Tbk
NATO,SURYA PERMATA ANDALAN Tbk
NAYZ,HASSANA BOGA SEJAHTERA TBK
NCKL,TRIMEGAH BANGUN PERSADA Tbk
NELY,PELAYARAN NELLY DWI PUTRI Tbk
NEST,ESTA INDONESIA Tbk
NETV,MDTV MEDIA TECHNOLOGIES Tbk
NFCX,NFC INDONESIA Tbk
NICE,ADHI KARTIKO PRATAMA Tbk
NICK,CHARNIC CAPITAL Tbk
NICL,PAM MINERAL Tbk
NIKL,PELAT TIMAH NUSANTARA Tbk
NINE,TECHNO9 INDONESIA Tbk
NIRO,CITY RETAIL DEVELOPMENTS Tbk
NISP,BANK OCBC NISP Tbk
NOBU,BANK NATIONALNOBU Tbk
NPGF,NUSA PALAPA GEMILANG Tbk
NRCA,NUSA RAYA CIPTA Tbk
NSSS,NUSANTARA SAWIT SEJAHTERA Tbk
NTBK,NUSATAMA BERKAH Tbk
NUSA,SINERGI MEGAH INTERNUSA Tbk
NZIA,NUSANTARA ALMAZIA Tbk
OASA,MAHARAKSA BIRU ENERGI Tbk
OBAT,BRIGIT BIOFARMAKA TEKNOLOGI Tbk
OBMD,OBM DRILCHEM Tbk
OCAP,ONIX CAPITAL Tbk
OILS,INDO OIL PERKASA Tbk
OKAS,ANCORA INDONESIA RESOURCES Tbk
OLIV,OSCAR MITRA SUKSES SEJAHTERA Tbk
OMED,JAYAMAS MEDICA INDUSTRI Tbk
OMRE,INDONESIA PRIMA PROPERTY Tbk
OPMS,OPTIMA PRIMA METAL SINERGI Tbk
PACK,ABADI NUSANTARA HIJAU INVESTAMA Tbk
PADA,PERSONEL ALIH DAYA Tbk
PADI,MINNA PADI INVESTAMA SEKURITAS Tbk
PALM,PROVIDENT INVESTASI BERSAMA Tbk
PAMG,BIMA SAKTI PERTIWI Tbk
PANI,PANTAI INDAH KAPUK DUA Tbk
PANR,PANORAMA SENTRAWISATA Tbk
PANS,PANIN SEKURITAS Tbk
PART,CIPTA PERDANA LANCAR Tbk
PBID,PANCA BUDI IDAMAN Tbk
PBRX,PAN BROTHERS Tbk
PBSA,PARAMITA BANGUN SARANA Tbk
PCAR,PRIMA CAKRAWALA ABADI Tbk
PDES,DESTINASI TIRTA NUSANTARA Tbk
PDPP,PRIMADAYA PLASTISINDO Tbk
PEGE,PANCA GLOBAL KAPITAL Tbk
PEHA,PHAPROS Tbk
PEVE,PENTA VALENT Tbk
PGAS,PERUSAHAAN GAS NEGARA (PERSERO) Tbk
PGEO,PERTAMINA GEOTHERMAL ENERGY Tbk
PGJO,BAHTERA BUMI RAYA Tbk
PGLI,PEMBANGUNAN GRAHA LESTARI INDAH Tbk
PGUN,PRADIKSI GUNATAMA Tbk
PICO,PELANGI INDAH CANINDO Tbk
PIPA,MULTI MAKMUR LEMINDO Tbk
PJAA,PEMBANGUNAN JAYA ANCOL Tbk
PJHB,PELAYARAN JAYA HIDUP BARU Tbk
PKPK,PARAGON KARYA PERKASA Tbk
PLAN,PLANET PROPERINDO JAYA Tbk
PLAS,POLARIS INVESTAMA TBK
PLIN,PLAZA INDONESIA REALTY Tbk
PMJS,PUTRA MANDIRI JEMBAR Tbk
PMMP,PANCA MITRA MULTIPERDANA Tbk
PMUI,PRIMA MULTI USAHA INDONESIA Tbk
PNBN,BANK PAN INDONESIA Tbk
PNBS,BANK PANIN DUBAI SYARIAH Tbk
PNGO,PINAGO UTAMA Tbk
PNIN,PANINVEST Tbk
PNLF,PANIN FINANCIAL Tbk
PNSE,PUDJIADI AND SONS Tbk
POLA,POOL ADVISTA FINANCE Tbk
POLI,POLLUX HOTELS GROUP Tbk
POLL,POLLUX PROPERTIES INDONESIA Tbk
POLU,GOLDEN FLOWER Tbk
POLY,ASIA PACIFIC FIBERS Tbk
POOL,POOL ADVISTA INDONESIA Tbk
PORT,NUSANTARA PELABUHAN HANDAL Tbk
POSA,BLISS PROPERTI INDONESIA Tbk
POWR,CIKARANG LISTRINDO Tbk
PPGL,PRIMA GLOBALINDO LOGISTIK Tbk
PPRE,PP PRESISI Tbk
PPRI,PAPEROCKS INDONESIA Tbk
PPRO,PP Properti Tbk
PRAY,FAMON AWAL BROS SEDAYA Tbk
PRDA,PRODIA WIDYAHUSADA Tbk
PRIM,ROYAL PRIMA Tbk
PSAB,J RESOURCES ASIA PASIFIK Tbk
PSAT,PANCARAN SAMUDERA TRANSPORT Tbk
PSDN,PRASIDHA ANEKA NIAGA Tbk
PSGO,PALMA SERASIH Tbk
PSKT,RED PLANET INDONESIA Tbk
PSSI,IMC PELITA LOGISTIK Tbk
PTBA,BUKIT ASAM Tbk
PTDU,DJASA UBERSAKTI Tbk
PTIS,INDO STRAITS Tbk
PTMP,MITRA PACK Tbk
PTMR,MASTER PRINT Tbk
PTPP,PP (PERSERO) Tbk
PTPS,PULAU SUBUR Tbk
PTPW,PRATAMA WIDYA Tbk
PTRO,PETROSEA Tbk
PTSN,SAT NUSAPERSADA Tbk
PTSP,PIONEERINDO GOURMET INTERNATIONAL Tbk
PUDP,PUDJIADI PRESTIGE Tbk
PURA,PUTRA RAJAWALI KENCANA Tbk
PURE,TRINITAN METALS AND MINERALS Tbk
PURI,PURI GLOBAL SUKSES Tbk
PWON,PAKUWON JATI Tbk
PYFA,PYRIDAM FARMA Tbk
PZZA,SARIMELATI KENCANA Tbk
RAAM,TRIPAR MULTIVSION PLUS Tbk
RAFI,SARI KREASI BOGA Tbk
RAJA,RUKUN RAHARJA Tbk
RALS,RAMAYANA LESTARI SENTOSA Tbk
RANC,SUPRA BOGA LESTARI Tbk
RATU,RAHARJA ENERGI CEPU Tbk
RBMS,RISTIA BINTANG MAHKOTASEJATI Tbk
RCCC,UTAMA RADAR CAHAYA Tbk
RDTX,RODA VIVATEX Tbk
REAL,REPOWER ASIA INDONESIA Tbk
RELF,GRAHA MITRA ASIA Tbk
RELI,RELIANCE SEKURITAS INDONESIA Tbk
RGAS,KIAN SANTANG MULIATAMA Tbk
RICY,RICKY PUTRA GLOBALINDO Tbk
RIGS,RIG TENDERS INDONESIA Tbk
RIMO,RIMO INTERNATIONAL LESTARI Tbk
RISE,JAYA SUKSES MAKMUR SENTOSA Tbk
RLCO,ABADI LESTARI INDONESIA Tbk
RMKE,RMK ENERGY Tbk
RMKO,ROYALTAMA MULIA KONTRAKTORINDO Tbk
ROCK,ROCKFIELDS PROPERTI INDONESIA Tbk
RODA,PIKKO LAND DEVELOPMENT Tbk
RONY,ARACORD NUSANTARA GROUP Tbk
ROTI,NIPPON INDOSARI CORPINDO Tbk
RSCH,CHARLIE HOSPITAL SEMARANG Tbk
RSGK,KEDOYA ADYARAYA Tbk
RUIS,RADIANT UTAMA INTERINSCO Tbk
RUNS,GLOBAL SUKSES SOLUSI Tbk
SAFE,STEADY SAFE Tbk
SAGE,SAPTAUSAHA GEMILANGINDAH Tbk
SAME,SARANA MEDITAMA METROPOLITAN Tbk
SAMF,SARASWANTI ANUGERAH MAKMUR Tbk
SAPX,SATRIA ANTARAN PRIMA Tbk
SATU,KOTA SATU PROPERTI Tbk
SBAT,SEJAHTERA BINTANG ABADI TEXTILE Tbk
SBMA,SURYA BIRU MURNI ACETYLENE Tbk
SCCO,SUPREME CABLE MANUFACTURING & COMMERCE Tbk
SCMA,SURYA CITRA MEDIA Tbk
SCNP,SELARAS CITRA NUSANTARA PERKASA Tbk
SCPI,ORGANON PHARMA INDONESIA Tbk
SDMU,SIDOMULYO SELARAS Tbk
SDPC,MILLENNIUM PHARMACON INTERNATIONAL Tbk
SDRA,BANK WOORI SAUDARA INDONESIA 1906 Tbk
SEMA,SEMACOM INTEGRATED Tbk
SFAN,SURYA FAJAR CAPITAL Tbk
SGER,SUMBER GLOBAL ENERGY Tbk
SGRO,PRIME AGRI RESOURCES Tbk
SHID,HOTEL SAHID JAYA INTERNATIONAL Tbk
SHIP,SILLO MARITIME PERDANA Tbk
SICO,SIGMA ENERGY COMPRESSINDO Tbk
SIDO,INDUSTRI JAMU DAN FARMASI SIDO MUNCUL Tbk
SILO,SILOAM INTERNATIONAL HOSPITALS Tbk
SIMA,SIWANI MAKMUR Tbk
SIMP,SALIM IVOMAS PRATAMA Tbk
SINI,SINGARAJA PUTRA Tbk
SIPD,SREEYA SEWU INDONESIA Tbk
SKBM,SEKAR BUMI Tbk
SKLT,SEKAR LAUT Tbk
SKRN,SUPERKRANE MITRA UTAMA Tbk
SKYB,NORTHCLIFF CITRANUSA INDONESIA Tbk
SLIS,GAYA ABADI SEMPURNA Tbk
SMAR,SINAR MAS AGRO RESOURCES AND TECHNOLOGY Tbk
SMBR,SEMEN BATURAJA Tbk
SMCB,SOLUSI BANGUN INDONESIA Tbk
SMDM,SURYAMAS DUTAMAKMUR Tbk
SMDR,SAMUDERA INDONESIA Tbk
SMGA,SUMBER MINERAL GLOBAL ABADI Tbk
SMGR,SEMEN INDONESIA (PERSERO) Tbk
SMIL,SARANA MITRA LUAS Tbk
SMKL,SATYAMITRA KEMAS LESTARI Tbk
SMKM,SUMBER MAS KONSTRUKSI Tbk
SMLE,SINERGI MULTI LESTARINDO Tbk
SMMA,SINAR MAS MULTIARTHA Tbk
SMMT,GOLDEN EAGLE ENERGY Tbk
SMRA,SUMMARECON AGUNG Tbk
SMRU,SMR UTAMA Tbk
SMSM,SELAMAT SEMPURNA Tbk
SNLK,SUNTER LAKESIDE HOTEL Tbk
SOCI,SOECHI LINES Tbk
SOFA,SOLUSI ENVIRONMENT ASIA Tbk
SOHO,SOHO GLOBAL HEALTH Tbk
SOLA,XOLARE RCR ENERGY Tbk
SONA,SONA TOPAS TOURISM INDUSTRY Tbk
SOSS,SHIELD ON SERVICE Tbk
SOTS,SATRIA MEGA KENCANA Tbk
SOUL,MITRA TIRTA BUWANA Tbk
SPMA,SUPARMA Tbk
SPRE,SORAYA BERJAYA INDONESIA Tbk
SPTO,SURYA PERTIWI Tbk
SQMI,WILTON MAKMUR INDONESIA Tbk
SRAJ,"SEJAHTERARAYA ANUGRAHJAYA Tbk, PT"
SRIL,SRI REJEKI ISMAN Tbk
SRSN,INDO ACIDATAMA Tbk
SRTG,SARATOGA INVESTAMA SEDAYA Tbk
SSIA,SURYA SEMESTA INTERNUSA Tbk
SSMS,SAWIT SUMBERMAS SARANA Tbk
SSTM,SUNSON TEXTILE MANUFACTURER Tbk
STAA,SUMBER TANI AGUNG RESOURCES Tbk
STAR,BUANA ARTHA ANUGERAH Tbk
STRK,LOVINA BEACH BREWERY Tbk
STTP,SIANTAR TOP Tbk
SUGI,"SUGIH ENERGY Tbk, PT"
SULI,SLJ GLOBAL Tbk
SUNI,SUNINDO PRATAMA Tbk
SUPA,SUPER BANK INDONESIA Tbk
SUPR,SOLUSI TUNAS PRATAMA Tbk
SURE,SUPER ENERGY Tbk
SURI,MAJA AGUNG LATEXINDO Tbk
SWAT,SRIWAHANA ADITYAKARTA Tbk
SWID,SARASWANTI INDOLAND DEVELOPMENT Tbk
TALF,TUNAS ALFIN Tbk
TAMA,LANCARTAMA SEJATI Tbk
TAMU,PELAYARAN TAMARIN SAMUDRA Tbk
TAPG,TRIPUTRA AGRO PERSADA Tbk
TARA,AGUNG SEMESTA SEJAHTERA Tbk
TAXI,EXPRESS TRANSINDO UTAMA Tbk
TAYS,JAYA SWARASA AGUNG Tbk
TBIG,TOWER BERSAMA INFRASTRUCTURE Tbk
TBLA,TUNAS BARU LAMPUNG Tbk
TBMS,TEMBAGA MULIA SEMANAN Tbk
TCID,MANDOM INDONESIA Tbk
TCPI,TRANSCOAL PACIFIC Tbk
TDPM,TRIDOMAIN PERFORMANCE MATERIALS Tbk
TEBE,DANA BRATA LUHUR Tbk
TECH,INDOSTERLING TECHNOMEDIA Tbk
TELE,OMNI INOVASI INDONESIA Tbk
TFAS,TELEFAST INDONESIA Tbk
TFCO,TIFICO FIBER INDONESIA Tbk
TGKA,TIGARAKSA SATRIA Tbk
TGRA,TERREGRA ASIA ENERGY Tbk
TGUK,PLATINUM WAHAB NUSANTARA Tbk
TIFA,KDB TIFA FINANCE Tbk
TINS,TIMAH Tbk
TIRA,TIRA AUSTENITE Tbk
TIRT,TIRTA MAHAKAM RESOURCES Tbk
TKIM,PABRIK KERTAS TJIWI KIMIA Tbk
TLDN,TELADAN PRIMA AGRO Tbk
TLKM,TELKOM INDONESIA (PERSERO) Tbk
TMAS,TEMAS Tbk
TMPO,TEMPO INTI MEDIA Tbk
TNCA,TRIMUDA NUANSA CITRA Tbk
TOBA,TBS ENERGI UTAMA Tbk
TOOL,ROHARTINDO NUSANTARA LUAS Tbk
TOPS,TOTALINDO EKA PERSADA Tbk
TOSK,TOPINDO SOLUSI KOMUNIKA Tbk
TOTL,TOTAL BANGUN PERSADA Tbk
TOTO,SURYA TOTO INDONESIA Tbk
TOWR,SARANA MENARA NUSANTARA Tbk
TOYS,SUNINDO ADIPERSADA Tbk
TPIA,CHANDRA ASRI PACIFIC Tbk
TPMA,TRANS POWER MARINE Tbk
TRAM,TRADA ALAM MINERA Tbk
TRGU,CERESTAR INDONESIA Tbk
TRIL,TRIWIRA INSANLESTARI Tbk
TRIM,TRIMEGAH SEKURITAS INDONESIA Tbk
TRIN,PERINTIS TRINITI PROPERTI Tbk
TRIO,TRIKOMSEL OKE Tbk
TRIS,TRISULA INTERNATIONAL Tbk
TRJA,TRANSKON JAYA Tbk
TRON,TEKNOLOGI KARYA DIGITAL NUSA Tbk
TRST,TRIAS SENTOSA Tbk
TRUE,TRINITI DINAMIK Tbk
TRUK,GUNA TIMUR RAYA Tbk
TRUS,TRUST FINANCE INDONESIA Tbk
TSPC,TEMPO SCAN PACIFIC Tbk
TUGU,ASURANSI TUGU PRATAMA INDONESIA Tbk
TYRE,KING TIRE INDONESIA Tbk
UANG,PAKUAN Tbk
UCID,UNI-CHARM INDONESIA Tbk
UDNG,AGRO BAHARI NUSANTARA Tbk
UFOE,DAMAI SEJAHTERA ABADI Tbk
ULTJ,ULTRAJAYA MILK INDUSTRY AND TRADING COMPANY Tbk
UNIC,UNGGUL INDAH CAHAYA Tbk
UNIQ,ULIMA NITRA Tbk
UNIT,CAHAYA PERMATA SEJAHTERA Tbk
UNSP,BAKRIE SUMATERA PLANTATIONS Tbk
UNTD,TERANG DUNIA INTERNUSA Tbk
UNTR,UNITED TRACTORS Tbk
UNVR,UNILEVER INDONESIA Tbk
URBN,URBAN JAKARTA PROPERTINDO Tbk
UVCR,TRIMEGAH KARYA PRATAMA Tbk
VAST,VASTLAND INDONESIA Tbk
VERN,VERONA INDAH PICTURES Tbk
VICI,VICTORIA CARE INDONESIA Tbk
VICO,VICTORIA INVESTAMA Tbk
VINS,VICTORIA INSURANCE Tbk
VISI,SATU VISI PUTRA Tbk
VIVA,VISI MEDIA ASIA Tbk
VKTR,VKTR TEKNOLOGI MOBILITAS Tbk
VOKS,VOKSEL ELECTRIC Tbk
VRNA,MIZUHO LEASING INDONESIA Tbk
VTNY,VENTENY FORTUNA INTERNATIONAL Tbk
WAPO,WAHANA PRONATURAL Tbk
WEGE,WIJAYA KARYA BANGUNAN GEDUNG Tbk
WEHA,WEHA TRANSPORTASI INDONESIA Tbk
WGSH,WIRA GLOBAL SOLUSI Tbk
WICO,WICAKSANA OVERSEAS INTERNATIONAL Tbk
WIDI,WIDIANT JAYA KRENINDO Tbk
WIFI,SOLUSI SINERGI DIGITAL Tbk
WIIM,WISMILAK INTI MAKMUR Tbk
WIKA,WIJAYA KARYA (PERSERO) Tbk
WINE,HATTEN BALI Tbk
WINR,WINNER NUSANTARA JAYA Tbk
WINS,WINTERMAR OFFSHORE MARINE Tbk
WIRG,WIR ASIA Tbk
WMPP,WIDODO MAKMUR PERKASA Tbk
WMUU,WIDODO MAKMUR UNGGAS Tbk
WOMF,WAHANA OTTOMITRA MULTIARTHA Tbk
WOOD,INTEGRA INDOCABINET Tbk
WOWS,GINTING JAYA ENERGI Tbk
WSBP,WASKITA BETON PRECAST Tbk
WSKT,WASKITA KARYA (PERSERO) Tbk
WTON,WIJAYA KARYA BETON Tbk
YELO,YELOOO INTEGRA DATANET Tbk
YOII,ASURANSI DIGITAL BERSAMA Tbk
YPAS,YANAPRIMA HASTAPERSADA Tbk
YULE,YULIE SEKURITAS INDONESIA Tbk
YUPI,YUPI INDO JELLY GUM Tbk
ZATA,BERSAMA ZATTA JAYA Tbk
ZBRA,DOSNI ROHA INDONESIA Tbk
ZINC,KAPUAS PRIMA COAL Tbk
ZONE,MEGA PERINTIS Tbk
ZYRX,ZYREXINDO MANDIRI BUANA Tbk